{"stat.useItem.minecraft.bow":2,"stat.leaveGame":18,"stat.useItem.minecraft.planks":3,"stat.craftItem.minecraft.shield":3,"stat.pickup.minecraft.glass":30,"stat.entityKilledBy.bandit1":1,"stat.useItem.minecraft.water_bucket":23,"stat.mineBlock.minecraft.red_mushroom":5,"stat.pickup.minecraft.rotten_flesh":24,"stat.pickup.minecraft.sand":109,"stat.craftItem.minecraft.stone_axe":3,"stat.craftItem.minecraft.stone_sword":1,"stat.mineBlock.minecraft.sand":112,"stat.useItem.minecraft.fence_gate":2,"stat.useItem.minecraft.oak_stairs":3,"stat.furnaceInteraction":57,"stat.craftItem.minecraft.acacia_stairs":4,"stat.useItem.minecraft.pumpkin_seeds":7,"stat.craftItem.minecraft.pumpkin_seeds":16,"stat.killEntity.ZombieVillager":1,"stat.pickup.minecraft.fence_gate":2,"stat.useItem.minecraft.cooked_mutton":11,"stat.useItem.minecraft.dark_oak_door":1,"stat.useItem.minecraft.acacia_fence":68,"stat.pickup.minecraft.stone_stairs":24,"stat.craftItem.minecraft.fence_gate":3,"stat.useItem.minecraft.wheat_seeds":143,"stat.pickup.minecraft.acacia_stairs":4,"stat.pickup.minecraft.pumpkin_seeds":7,"stat.deaths":1,"stat.playOneMinute":375794,"stat.mineBlock.minecraft.tallgrass":266,"stat.craftItem.minecraft.cooked_mutton":14,"stat.pickup.minecraft.cooked_mutton":1,"stat.chestOpened":63,"stat.pickup.minecraft.pumpkin":16,"stat.pickup.minecraft.arrow":10,"stat.pickup.minecraft.iron_sword":1,"stat.pickup.minecraft.wooden_pressure_plate":3,"stat.fallOneCm":11728,"stat.drop.minecraft.stone_sword":1,"stat.crouchOneCm":6258,"stat.mineBlock.minecraft.chest":1,"stat.craftItem.minecraft.iron_ingot":109,"stat.craftItem.minecraft.chest":6,"stat.pickup.minecraft.red_mushroom":5,"stat.craftingTableInteraction":80,"stat.mineBlock.minecraft.wooden_pressure_plate":3,"stat.pickup.minecraft.wooden_pickaxe":3,"stat.mineBlock.minecraft.log2":118,"stat.pickup.minecraft.dye":22,"stat.pickup.minecraft.planks":197,"stat.pickup.minecraft.iron_leggings":1,"stat.pickup.minecraft.wheat_seeds":387,"stat.mineBlock.minecraft.gravel":2,"stat.useItem.minecraft.stone_pickaxe":192,"stat.mineBlock.minecraft.glass":3,"stat.useItem.minecraft.stone_sword":263,"stat.craftItem.minecraft.iron_leggings":1,"stat.craftItem.minecraft.oak_stairs":4,"stat.mineBlock.minecraft.dirt":352,"stat.useItem.minecraft.torch":231,"stat.useItem.minecraft.bread":8,"stat.drop.minecraft.rotten_flesh":10,"stat.pickup.minecraft.crafting_table":4,"stat.useItem.minecraft.log":33,"stat.useItem.minecraft.cobblestone":19,"stat.craftItem.minecraft.crafting_table":2,"stat.mineBlock.minecraft.double_plant":32,"stat.pickup.minecraft.log":149,"stat.craftItem.minecraft.gold_ingot":4,"stat.pickup.minecraft.sapling":13,"stat.pickup.minecraft.wooden_door":1,"stat.pickup.minecraft.apple":2,"stat.craftItem.minecraft.bucket":2,"stat.craftItem.minecraft.planks":568,"stat.useItem.minecraft.iron_sword":156,"stat.pickup.minecraft.stone_sword":1,"stat.mineBlock.minecraft.log":149,"stat.craftItem.minecraft.wooden_door":12,"stat.useItem.minecraft.stone_hoe":59,"stat.useItem.minecraft.wooden_door":1,"stat.pickup.minecraft.red_flower":9,"stat.sneakTime":4074,"stat.pickup.minecraft.wool":111,"stat.useItem.minecraft.wooden_axe":31,"stat.pickup.minecraft.yellow_flower":1,"stat.pickup.minecraft.chest":3,"stat.pickup.minecraft.bone":20,"stat.mineBlock.minecraft.acacia_stairs":4,"stat.drop.minecraft.stone_shovel":2,"stat.mineBlock.minecraft.pumpkin":12,"stat.mineBlock.minecraft.cobblestone":3,"stat.pickup.minecraft.stone_pickaxe":3,"stat.pickup.minecraft.flint":6,"stat.mineBlock.minecraft.acacia_fence":10,"stat.craftItem.minecraft.acacia_fence_gate":1,"stat.swimOneCm":123303,"stat.climbOneCm":20464,"stat.useItem.minecraft.dirt":310,"stat.useItem.minecraft.stone_slab2":67,"stat.pickup.minecraft.iron_boots":3,"stat.craftItem.minecraft.furnace":2,"stat.craftItem.minecraft.iron_boots":2,"stat.craftItem.minecraft.stone_pickaxe":1,"stat.pickup.minecraft.shears":1,"stat.pickup.minecraft.cobblestone":300,"stat.craftItem.minecraft.bow":1,"stat.useItem.minecraft.stone_shovel":235,"stat.flyOneCm":13456,"stat.pickup.minecraft.redstone":205,"stat.mineBlock.minecraft.iron_ore":53,"stat.timeSinceDeath":41157,"stat.pickup.minecraft.mutton":20,"stat.pickup.minecraft.wooden_axe":1,"stat.killEntity.Wolf":3,"stat.useItem.minecraft.acacia_stairs":4,"stat.mineBlock.minecraft.coal_ore":98,"stat.craftItem.minecraft.acacia_fence":63,"stat.pickup.minecraft.shield":1,"stat.killEntity.Creeper":5,"stat.craftItem.minecraft.stone_hoe":2,"stat.pickup.minecraft.string":5,"stat.craftItem.minecraft.stone_slab2":0,"stat.sprintOneCm":17530,"stat.craftItem.minecraft.stick":408,"stat.mineBlock.minecraft.crafting_table":3,"stat.craftItem.minecraft.wooden_pressure_plate":4,"stat.useItem.minecraft.bucket":29,"stat.mineBlock.minecraft.planks":7,"stat.drop":14,"stat.killEntity.Sheep":4,"stat.killEntity.Zombie":9,"stat.diveOneCm":74758,"stat.pickup.minecraft.wheat":117,"stat.craftItem.minecraft.ladder":75,"stat.useItem.minecraft.apple":1,"stat.jump":1902,"stat.pickup.minecraft.coal":244,"stat.pickup.minecraft.iron_helmet":2,"stat.pickup.minecraft.iron_ingot":12,"stat.useItem.minecraft.stone_axe":294,"stat.pickup.minecraft.gunpowder":14,"stat.craftItem.minecraft.bread":18,"stat.craftItem.minecraft.torch":220,"stat.pickup.minecraft.dirt":844,"stat.craftItem.minecraft.iron_helmet":2,"stat.killEntity.bandit1":3,"stat.drop.minecraft.bed":1,"stat.pickup.minecraft.iron_ore":94,"stat.useItem.minecraft.glass":54,"stat.pickup.minecraft.stone_shovel":1,"stat.useItem.minecraft.sapling":2,"stat.mineBlock.minecraft.leaves2":9,"stat.damageTaken":1454,"stat.mineBlock.minecraft.torch":27,"stat.mineBlock.minecraft.red_flower":1,"stat.useItem.minecraft.wooden_pickaxe":36,"stat.pickup.minecraft.log2":142,"stat.pickup.minecraft.bed":15,"stat.pickup.minecraft.acacia_fence":10,"stat.mineBlock.minecraft.fence_gate":2,"stat.damageDealt":3832,"stat.craftItem.minecraft.glass":57,"stat.sleepInBed":21,"stat.craftItem.minecraft.iron_sword":1,"stat.craftItem.minecraft.stone_shovel":3,"stat.walkOneCm":2399016,"stat.animalsBred":5,"stat.useItem.minecraft.chest":2,"stat.pickup.minecraft.stick":51,"stat.useItem.minecraft.lava_bucket":4,"stat.pickup.mw.ak15":1,"stat.pickup.minecraft.stone":77,"stat.craftItem.minecraft.iron_chestplate":1,"stat.pickup.minecraft.ladder":25,"stat.killEntity.Skeleton":6,"stat.killEntity.Spider":3,"stat.pickup.minecraft.bread":15,"stat.mobKills":33,"stat.craftItem.minecraft.shears":1,"stat.pickup.minecraft.water_bucket":1,"stat.mineBlock.minecraft.leaves":71,"stat.pickup.minecraft.torch":163,"stat.pickup.minecraft.lava_bucket":1,"stat.mineBlock.minecraft.stone":58}