{"stat.pickup.minecraft.wooden_slab":1,"stat.leaveGame":14,"stat.useItem.minecraft.glowstone":15,"stat.mineBlock.minecraft.sandstone":1,"stat.craftItem.minecraft.stone_pressure_plate":2,"stat.pickup.minecraft.rotten_flesh":78,"stat.craftItem.minecraft.stone_axe":1,"stat.pickup.minecraft.cobblestone_wall":40,"stat.pickup.minecraft.bucket":1,"stat.pickup.mw.leadore":9,"stat.mineBlock.minecraft.wooden_slab":1,"stat.craftItem.minecraft.iron_shovel":1,"stat.pickup.mw.mkvi_helmet":1,"stat.killEntity.Witch":3,"stat.craftItem.mw.copperingot":24,"stat.useItem.minecraft.iron_pickaxe":758,"stat.pickup.minecraft.stained_hardened_clay":57,"stat.craftItem.minecraft.iron_door":3,"stat.mineBlock.mw.copperore":26,"stat.furnaceInteraction":232,"stat.mineBlock.minecraft.rail":9,"stat.useItem.minecraft.pumpkin_seeds":10,"stat.craftItem.mw.tantalumingot":16,"stat.mineBlock.minecraft.stained_hardened_clay":86,"stat.mineBlock.mw.tantalumore":10,"stat.useItem.minecraft.flint_and_steel":16,"stat.useItem.minecraft.wheat_seeds":420,"stat.killEntity.Husk":1,"stat.pickup.mw.mkvi_boots":1,"stat.drop.mw.makarovpm":3,"stat.pickup.mw.tantalumingot":5,"stat.pickup.minecraft.lever":7,"stat.deaths":1,"stat.pickup.minecraft.egg":25,"stat.pickup.minecraft.clock":2,"stat.craftItem.minecraft.iron_pickaxe":3,"stat.drop.minecraft.torch":1,"stat.pickup.mw.tantalumore":12,"stat.mineBlock.minecraft.tallgrass":154,"stat.craftItem.minecraft.cooked_mutton":31,"stat.chestOpened":644,"stat.craftItem.minecraft.sign":9,"stat.useItem.minecraft.stone":43,"stat.pickup.minecraft.arrow":16,"stat.pickup.minecraft.iron_sword":3,"stat.pickup.minecraft.wooden_pressure_plate":1,"stat.mineBlock.mw.rubyore":2,"stat.pickup.mw.mag75rnd762x39":1,"stat.pickup.minecraft.carrot":113,"stat.crouchOneCm":17210,"stat.mineBlock.minecraft.chest":5,"stat.pickup.minecraft.rail":27,"stat.craftItem.minecraft.iron_ingot":207,"stat.mineBlock.minecraft.hardened_clay":16,"stat.craftingTableInteraction":110,"stat.mineBlock.minecraft.log2":33,"stat.useItem.minecraft.dark_oak_fence":11,"stat.useItem.minecraft.reeds":36,"stat.pickup.minecraft.dye":132,"stat.pickup.minecraft.planks":126,"stat.pickup.minecraft.wheat_seeds":718,"stat.mineBlock.minecraft.glass":2,"stat.pickup.mw.natodrum100":2,"stat.mineBlock.minecraft.dirt":769,"stat.craftItem.mw.steelingot":18,"stat.useItem.minecraft.bread":23,"stat.useItem.minecraft.cobblestone":212,"stat.mineBlock.minecraft.double_plant":1,"stat.minecartOneCm":278626,"stat.pickup.minecraft.iron_pickaxe":1,"stat.craftItem.minecraft.gold_ingot":52,"stat.pickup.minecraft.chicken":9,"stat.craftItem.minecraft.bucket":1,"stat.craftItem.minecraft.planks":336,"stat.useItem.minecraft.iron_sword":53,"stat.mineBlock.minecraft.log":10,"stat.pickup.mw.copperingot":6,"stat.useItem.minecraft.spruce_door":6,"stat.pickup.minecraft.iron_door":1,"stat.craftItem.minecraft.paper":33,"stat.pickup.minecraft.wool":114,"stat.cakeSlicesEaten":5,"stat.craftItem.mw.leadingot":11,"stat.pickup.minecraft.tripwire_hook":3,"stat.mineBlock.minecraft.cobblestone":62,"stat.mineBlock.minecraft.pumpkin":8,"stat.pickup.minecraft.stone_pickaxe":8,"stat.mineBlock.minecraft.yellow_flower":1,"stat.pickup.mw.sulfurdust":75,"stat.craftItem.minecraft.clock":1,"stat.pickup.mw.bauxiteore":16,"stat.craftItem.mw.copperwiring":10,"stat.useItem.minecraft.obsidian":22,"stat.useItem.minecraft.stone_slab2":727,"stat.pickup.minecraft.bow":1,"stat.pickup.minecraft.iron_boots":3,"stat.pickup.minecraft.stone_hoe":1,"stat.craftItem.minecraft.furnace":6,"stat.pickup.mw.siliconore":1,"stat.useItem.minecraft.egg":48,"stat.craftItem.mw.cloth":33,"stat.craftItem.mw.plastic":3,"stat.mineBlock.minecraft.obsidian":32,"stat.mineBlock.minecraft.clay":1,"stat.flyOneCm":1228073,"stat.pickup.minecraft.sandstone":4,"stat.craftItem.minecraft.stained_glass":16,"stat.mineBlock.mw.tinore":10,"stat.craftItem.mw.marine_boots":1,"stat.timeSinceDeath":879896,"stat.useItem.minecraft.wooden_slab":1,"stat.useItem.minecraft.iron_door":1,"stat.craftItem.minecraft.iron_block":3,"stat.useItem.minecraft.potato":39,"stat.craftItem.mw.aluminumplate":12,"stat.craftItem.mw.tancloth":24,"stat.mineBlock.minecraft.enchanting_table":1,"stat.killEntity.Wolf":1,"stat.mineBlock.minecraft.coal_ore":145,"stat.killEntity.Creeper":27,"stat.pickup.minecraft.shield":2,"stat.craftItem.minecraft.stone_hoe":1,"stat.talkedToVillager":2,"stat.pickup.minecraft.string":44,"stat.useItem.minecraft.milk_bucket":4,"stat.sprintOneCm":85046,"stat.mineBlock.minecraft.diamond_ore":26,"stat.pickup.minecraft.sugar":1,"stat.killEntity.Zombie":39,"stat.craftItem.minecraft.dye":15,"stat.mineBlock.minecraft.gold_ore":21,"stat.diveOneCm":112474,"stat.pickup.minecraft.wheat":342,"stat.craftItem.minecraft.sandstone":41,"stat.pickup.minecraft.sign":7,"stat.craftItem.minecraft.cooked_porkchop":3,"stat.pickup.minecraft.stone_axe":3,"stat.pickup.minecraft.obsidian":30,"stat.craftItem.mw.bullet762x39":24,"stat.jump":4206,"stat.pickup.minecraft.coal":207,"stat.pickup.minecraft.iron_ingot":88,"stat.pickup.minecraft.gunpowder":12,"stat.craftItem.minecraft.torch":244,"stat.pickup.minecraft.dirt":1049,"stat.useItem.minecraft.glass":207,"stat.pickup.minecraft.gold_ore":24,"stat.mineBlock.minecraft.lapis_ore":20,"stat.damageTaken":2301,"stat.mineBlock.minecraft.torch":44,"stat.pickup.minecraft.log2":38,"stat.craftItem.minecraft.glowstone":16,"stat.pickup.minecraft.bed":4,"stat.pickup.minecraft.acacia_fence":1,"stat.pickup.minecraft.potato":96,"stat.craftItem.minecraft.stone_slab":6,"stat.animalsBred":29,"stat.useItem.minecraft.chest":13,"stat.useItem.minecraft.pumpkin":1,"stat.useItem.minecraft.lava_bucket":16,"stat.pickup.minecraft.baked_potato":10,"stat.pickup.mw.makarovpm":43,"stat.drop.minecraft.egg":1,"stat.useItem.minecraft.redstone_ore":49,"stat.useItem.minecraft.netherrack":1,"stat.craftItem.mw.marine_helmet":1,"stat.craftItem.minecraft.stained_glass_pane":32,"stat.useItem.minecraft.tripwire_hook":7,"stat.drop.minecraft.lever":1,"stat.drop.mw.br55":1,"stat.mineBlock.minecraft.glowstone":60,"stat.mobKills":324,"stat.craftItem.minecraft.shears":1,"stat.useItem.minecraft.boat":4,"stat.useItem.minecraft.cobblestone_wall":18,"stat.pickup.minecraft.diamond":23,"stat.pickup.minecraft.torch":227,"stat.craftItem.mw.steeldust":18,"stat.pickup.mw.mkvi_chest":1,"stat.useItem.minecraft.soul_sand":12,"stat.craftItem.minecraft.iron_axe":1,"stat.pickup.minecraft.fishing_rod":2,"stat.useItem.minecraft.planks":183,"stat.pickup.minecraft.glowstone_dust":133,"stat.pickup.minecraft.porkchop":3,"stat.pickup.minecraft.glass":63,"stat.useItem.minecraft.water_bucket":28,"stat.pickup.minecraft.sand":254,"stat.craftItem.minecraft.dark_oak_fence":6,"stat.craftItem.minecraft.lit_pumpkin":2,"stat.pickup.mw.ruby":8,"stat.mineBlock.minecraft.sand":258,"stat.pickup.mw.gasgrenade":7,"stat.craftItem.mw.tiningot":11,"stat.hopperInspected":18,"stat.useItem.minecraft.spawn_egg":45,"stat.useItem.minecraft.oak_stairs":33,"stat.pickup.mw.priscopicscope":1,"stat.craftItem.minecraft.pumpkin_seeds":8,"stat.useItem.minecraft.dark_oak_stairs":2,"stat.pickup.minecraft.furnace":4,"stat.useItem.minecraft.cooked_mutton":1,"stat.useItem.minecraft.redstone":250,"stat.pickup.minecraft.stone_stairs":4,"stat.pickup.minecraft.pumpkin_seeds":13,"stat.mineBlock.minecraft.soul_sand":22,"stat.mineBlock.minecraft.oak_stairs":3,"stat.playOneMinute":1242447,"stat.pickup.minecraft.netherrack":2,"stat.pickup.minecraft.pumpkin":5,"stat.pickup.minecraft.spruce_door":2,"stat.mineBlock.minecraft.dark_oak_fence":7,"stat.craftItem.minecraft.carpet":9,"stat.mineBlock.minecraft.netherrack":5,"stat.craftItem.minecraft.dark_oak_stairs":4,"stat.pickup.mw.m40gasmask_helmet":3,"stat.pickup.mw.vssvintorez":3,"stat.fallOneCm":37199,"stat.pickup.minecraft.melon_seeds":8,"stat.craftItem.mw.bullet556x45":16,"stat.craftItem.minecraft.chest":18,"stat.pickup.minecraft.comparator":2,"stat.pickup.minecraft.feather":11,"stat.useItem.minecraft.furnace":2,"stat.pickup.mw.titaniumore":16,"stat.pickup.minecraft.iron_leggings":2,"stat.mineBlock.minecraft.gravel":5,"stat.useItem.minecraft.stone_pickaxe":823,"stat.craftItem.mw.silicon":1,"stat.craftItem.minecraft.oak_stairs":32,"stat.pickup.minecraft.chainmail_boots":1,"stat.pickup.minecraft.flint_and_steel":3,"stat.useItem.minecraft.torch":392,"stat.pickup.mw.copperore":29,"stat.pickup.minecraft.golden_apple":1,"stat.useItem.minecraft.log":32,"stat.pickup.minecraft.crafting_table":2,"stat.useItem.minecraft.comparator":3,"stat.craftItem.minecraft.crafting_table":2,"stat.mineBlock.mw.siliconore":1,"stat.pickup.minecraft.log":10,"stat.killEntity.gassy":10,"stat.pickup.minecraft.sapling":5,"stat.pickup.mw.magazine9mm":1,"stat.pickup.mw.tinore":3,"stat.craftItem.minecraft.cooked_chicken":4,"stat.useItem.minecraft.stone_hoe":100,"stat.craftItem.minecraft.sugar":28,"stat.sneakTime":14106,"stat.mineBlock.minecraft.cobblestone_wall":19,"stat.useItem.minecraft.baked_potato":17,"stat.pickup.minecraft.yellow_flower":3,"stat.pickup.minecraft.chest":8,"stat.craftItem.minecraft.enchanting_table":1,"stat.drop.minecraft.stone_pickaxe":2,"stat.pickup.minecraft.bone":18,"stat.pickup.minecraft.redstone_torch":12,"stat.pickup.minecraft.lit_pumpkin":3,"stat.swimOneCm":167053,"stat.climbOneCm":128897,"stat.mineBlock.mw.sulfurore":50,"stat.useItem.minecraft.dirt":805,"stat.mineBlock.mw.bauxiteore":14,"stat.mineBlock.mw.titaniumore":15,"stat.pickup.minecraft.enchanting_table":1,"stat.pickup.mw.cloth":23,"stat.craftItem.minecraft.stone_pickaxe":10,"stat.pickup.minecraft.cobblestone":1199,"stat.mineBlock.minecraft.carpet":9,"stat.useItem.minecraft.stone_shovel":874,"stat.pickup.minecraft.glass_bottle":2,"stat.pickup.minecraft.soul_sand":22,"stat.craftItem.minecraft.wooden_slab":6,"stat.pickup.minecraft.cactus":2,"stat.pickup.minecraft.redstone":142,"stat.mineBlock.minecraft.iron_ore":87,"stat.craftItem.minecraft.book":1,"stat.useItem.minecraft.sign":7,"stat.pickup.minecraft.mutton":83,"stat.craftItem.minecraft.cake":1,"stat.useItem.minecraft.lever":16,"stat.pickup.mw.aluminumingot":6,"stat.pickup.minecraft.redstone_lamp":1,"stat.drop.minecraft.dirt":1,"stat.useItem.minecraft.cooked_porkchop":3,"stat.pickup.minecraft.carpet":9,"stat.craftItem.minecraft.stone_slab2":0,"stat.craftItem.minecraft.stick":188,"stat.useItem.minecraft.stone_slab":2,"stat.craftItem.minecraft.stone":5,"stat.mineBlock.minecraft.crafting_table":3,"stat.useItem.minecraft.diamond_pickaxe":76,"stat.useItem.minecraft.carrot":49,"stat.pickup.mw.titaniumingot":1,"stat.useItem.minecraft.bucket":35,"stat.mineBlock.minecraft.planks":6,"stat.drop":10,"stat.pickup.mw.aks74u":2,"stat.killEntity.Sheep":47,"stat.craftItem.minecraft.diamond_pickaxe":3,"stat.useItem.minecraft.melon_seeds":3,"stat.pickup.minecraft.gravel":30,"stat.craftItem.mw.aluminumingot":21,"stat.mineBlock.minecraft.deadbush":29,"stat.useItem.minecraft.carpet":7,"stat.useItem.minecraft.stained_glass_pane":48,"stat.useItem.minecraft.stone_axe":58,"stat.craftItem.minecraft.bread":22,"stat.pickup.minecraft.spider_eye":8,"stat.killEntity.bandit1":60,"stat.mineBlock.mw.leadore":8,"stat.craftItem.mw.marine_chest":1,"stat.pickup.minecraft.iron_ore":108,"stat.pickup.mw.br55":1,"stat.boatOneCm":606407,"stat.craftItem.minecraft.flint_and_steel":1,"stat.craftItem.mw.titaniumingot":17,"stat.mineBlock.minecraft.leaves2":14,"stat.mineBlock.minecraft.stone_stairs":2,"stat.pickup.minecraft.leather":1,"stat.mineBlock.minecraft.furnace":4,"stat.useItem.minecraft.wooden_pickaxe":11,"stat.pickup.minecraft.dark_oak_fence":12,"stat.pickup.minecraft.reeds":169,"stat.killEntity.CaveSpider":9,"stat.pickup.minecraft.oak_stairs":10,"stat.pickup.mw.leadingot":2,"stat.damageDealt":2445,"stat.craftItem.minecraft.glass":83,"stat.sleepInBed":27,"stat.craftItem.minecraft.baked_potato":33,"stat.craftItem.minecraft.anvil":1,"stat.killEntity.Cow":2,"stat.killEntity.Pig":2,"stat.craftItem.minecraft.stone_shovel":5,"stat.walkOneCm":5718385,"stat.playerKills":1,"stat.pickup.minecraft.stick":112,"stat.pickup.minecraft.clay_ball":4,"stat.pickup.mw.ak15":1,"stat.pickup.minecraft.stone":203,"stat.craftItem.minecraft.minecart":2,"stat.pickup.minecraft.gold_ingot":5,"stat.killEntity.Skeleton":24,"stat.mineBlock.minecraft.cactus":2,"stat.killEntity.Chicken":2,"stat.killEntity.Spider":25,"stat.mineBlock.minecraft.quartz_ore":9,"stat.pickup.minecraft.quartz":9,"stat.useItem.minecraft.golden_apple":8,"stat.pickup.minecraft.water_bucket":1,"stat.mineBlock.minecraft.leaves":3,"stat.mineBlock.minecraft.redstone_ore":20,"stat.pickup.minecraft.lava_bucket":1,"stat.mineBlock.minecraft.stone":872}