{"stat.useItem.minecraft.bow":68,"stat.useItem.mw.makarovpm":5,"stat.leaveGame":22,"stat.drop.minecraft.redstone":1,"stat.drop.minecraft.shield":1,"stat.mineBlock.minecraft.sandstone":7,"stat.pickup.minecraft.fishing_rod":2,"stat.useItem.minecraft.planks":42,"stat.craftItem.minecraft.shield":4,"stat.mineBlock.minecraft.web":37,"stat.pickup.minecraft.glowstone_dust":1,"stat.entityKilledBy.bandit1":13,"stat.useItem.minecraft.water_bucket":93,"stat.pickup.minecraft.rotten_flesh":118,"stat.pickup.minecraft.sand":73,"stat.pickup.minecraft.hardened_clay":50,"stat.craftItem.minecraft.stone_axe":3,"stat.pickup.minecraft.name_tag":1,"stat.pickup.minecraft.cobblestone_wall":400,"stat.pickup.minecraft.bucket":4,"stat.pickup.mw.leadore":3,"stat.killEntity.Enderman":1,"stat.craftItem.minecraft.cobblestone_wall":816,"stat.aviateOneCm":551658,"stat.craftItem.minecraft.iron_shovel":1,"stat.pickup.mw.ruby":1,"stat.mineBlock.minecraft.sand":56,"stat.killEntity.Witch":4,"stat.pickup.mw.gasgrenade":4,"stat.useItem.mw.acr":31,"stat.useItem.minecraft.iron_pickaxe":649,"stat.pickup.minecraft.stained_hardened_clay":129,"stat.craftItem.minecraft.wooden_pickaxe":1,"stat.useItem.minecraft.iron_shovel":302,"stat.pickup.mw.marine_helmet":1,"stat.drop.minecraft.cooked_mutton":1,"stat.craftItem.minecraft.bed":2,"stat.mineBlock.mw.copperore":3,"stat.pickup.mw.priscopicscope":1,"stat.furnaceInteraction":13,"stat.mineBlock.minecraft.rail":18,"stat.killEntity.ZombieVillager":2,"stat.useItem.minecraft.cooked_mutton":6,"stat.useItem.minecraft.redstone":248,"stat.useItem.minecraft.trapdoor":29,"stat.mineBlock.minecraft.stained_hardened_clay":100,"stat.mineBlock.mw.tantalumore":6,"stat.pickup.minecraft.iron_chestplate":4,"stat.useItem.minecraft.stone_stairs":156,"stat.useItem.minecraft.dark_oak_door":1,"stat.killEntity.Horse":1,"stat.pickup.minecraft.stone_stairs":48,"stat.killEntity.Husk":4,"stat.pickup.minecraft.pumpkin_seeds":9,"stat.craftItem.minecraft.dark_oak_boat":1,"stat.mineBlock.minecraft.oak_stairs":2,"stat.pickup.minecraft.lever":5,"stat.deaths":20,"stat.pickup.minecraft.egg":8,"stat.playOneMinute":1707761,"stat.pickup.minecraft.clock":2,"stat.craftItem.minecraft.iron_pickaxe":2,"stat.drop.minecraft.chest":1,"stat.pickup.mw.marine_chest":2,"stat.pickup.mw.tantalumore":4,"stat.mineBlock.minecraft.tallgrass":166,"stat.pickup.minecraft.cooked_mutton":12,"stat.chestOpened":327,"stat.mineBlock.minecraft.dark_oak_fence":3,"stat.useItem.minecraft.stone":191,"stat.pickup.minecraft.arrow":73,"stat.pickup.minecraft.iron_sword":4,"stat.pickup.minecraft.wooden_pressure_plate":10,"stat.pickup.mw.m40gasmask_helmet":4,"stat.mineBlock.mw.rubyore":3,"stat.pickup.mw.vssvintorez":1,"stat.fallOneCm":60428,"stat.crouchOneCm":204642,"stat.mineBlock.minecraft.chest":4,"stat.pickup.minecraft.rail":23,"stat.craftItem.minecraft.iron_ingot":42,"stat.pickup.minecraft.red_mushroom":2,"stat.mineBlock.minecraft.hardened_clay":34,"stat.craftingTableInteraction":125,"stat.mineBlock.minecraft.wooden_pressure_plate":4,"stat.pickup.minecraft.comparator":2,"stat.pickup.minecraft.repeater":2,"stat.mineBlock.minecraft.log2":56,"stat.pickup.mw.titaniumore":1,"stat.pickup.minecraft.dye":234,"stat.pickup.minecraft.planks":53,"stat.pickup.minecraft.iron_leggings":4,"stat.pickup.minecraft.wheat_seeds":96,"stat.mineBlock.minecraft.gravel":41,"stat.useItem.minecraft.stone_pickaxe":5154,"stat.craftItem.minecraft.iron_leggings":1,"stat.pickup.mw.natodrum100":4,"stat.mineBlock.minecraft.dirt":1804,"stat.useItem.minecraft.torch":226,"stat.useItem.minecraft.bread":10,"stat.pickup.mw.copperore":15,"stat.craftItem.minecraft.stone_stairs":168,"stat.pickup.minecraft.crafting_table":10,"stat.useItem.minecraft.cobblestone":4377,"stat.craftItem.minecraft.crafting_table":5,"stat.useItem.minecraft.gravel":1,"stat.mineBlock.minecraft.double_plant":4,"stat.minecartOneCm":313683,"stat.pickup.minecraft.log":4,"stat.pickup.minecraft.iron_pickaxe":4,"stat.pickup.minecraft.chicken":1,"stat.killEntity.gassy":1,"stat.pickup.minecraft.sapling":5,"stat.pickup.minecraft.wooden_door":10,"stat.pickup.mw.magazine9mm":2,"stat.craftItem.minecraft.bucket":1,"stat.craftItem.minecraft.planks":236,"stat.pickup.mw.tinore":8,"stat.useItem.minecraft.iron_sword":217,"stat.craftItem.minecraft.fishing_rod":1,"stat.useItem.minecraft.wooden_pressure_plate":1,"stat.mineBlock.minecraft.log":4,"stat.craftItem.minecraft.wooden_door":3,"stat.useItem.minecraft.wooden_door":16,"stat.pickup.minecraft.red_flower":3,"stat.sneakTime":108701,"stat.pickup.minecraft.wool":6,"stat.mineBlock.minecraft.cobblestone_wall":310,"stat.useItem.minecraft.baked_potato":4,"stat.useItem.minecraft.wooden_axe":15,"stat.pickup.minecraft.golden_rail":2,"stat.drop.minecraft.wooden_axe":1,"stat.useItem.minecraft.fishing_rod":23,"stat.pickup.minecraft.chest":7,"stat.drop.minecraft.stone_pickaxe":4,"stat.cakeSlicesEaten":5,"stat.pickup.minecraft.bone":24,"stat.pickup.minecraft.redstone_torch":6,"stat.useItem.minecraft.repeater":2,"stat.mineBlock.minecraft.cobblestone":396,"stat.pickup.minecraft.stone_pickaxe":25,"stat.pickup.minecraft.flint":7,"stat.mineBlock.minecraft.acacia_fence":1,"stat.mineBlock.minecraft.stained_glass_pane":2,"stat.pickup.mw.sulfurdust":26,"stat.swimOneCm":111468,"stat.craftItem.minecraft.clock":1,"stat.climbOneCm":284294,"stat.mineBlock.mw.sulfurore":32,"stat.drop.minecraft.cobblestone":1,"stat.pickup.mw.bauxiteore":6,"stat.useItem.minecraft.dirt":1062,"stat.useItem.minecraft.stone_slab2":2146,"stat.pickup.minecraft.bow":4,"stat.pickup.minecraft.iron_boots":6,"stat.mineBlock.mw.bauxiteore":7,"stat.craftItem.minecraft.dark_oak_door":3,"stat.craftItem.minecraft.furnace":3,"stat.mineBlock.mw.titaniumore":2,"stat.craftItem.minecraft.trapdoor":10,"stat.craftItem.minecraft.stone_pickaxe":39,"stat.pickup.minecraft.cobblestone":5597,"stat.craftItem.minecraft.bow":2,"stat.useItem.minecraft.stone_shovel":1051,"stat.flyOneCm":2886647,"stat.pickup.minecraft.sandstone":5,"stat.mineBlock.mw.tinore":2,"stat.pickup.minecraft.redstone":605,"stat.mineBlock.minecraft.iron_ore":232,"stat.timeSinceDeath":78098,"stat.pickup.minecraft.mutton":9,"stat.pickup.minecraft.mossy_cobblestone":70,"stat.useItem.minecraft.lever":20,"stat.useItem.minecraft.potato":23,"stat.pickup.minecraft.dark_oak_door":3,"stat.drop.minecraft.dirt":1,"stat.pickup.minecraft.iron_shovel":5,"stat.pickup.minecraft.trapdoor":13,"stat.mineBlock.minecraft.coal_ore":326,"stat.pickup.minecraft.shield":10,"stat.killEntity.Creeper":31,"stat.talkedToVillager":2,"stat.pickup.minecraft.string":88,"stat.mineBlock.minecraft.ladder":14,"stat.drop.minecraft.log2":3,"stat.useItem.minecraft.milk_bucket":2,"stat.sprintOneCm":54785,"stat.craftItem.minecraft.stick":304,"stat.mineBlock.minecraft.diamond_ore":12,"stat.mineBlock.minecraft.crafting_table":5,"stat.useItem.minecraft.bucket":9,"stat.entityKilledBy.Creeper":2,"stat.pickup.minecraft.sugar":1,"stat.mineBlock.minecraft.planks":24,"stat.drop":21,"stat.pickup.mw.aks74u":2,"stat.killEntity.Sheep":10,"stat.useItem.minecraft.ladder":214,"stat.killEntity.Zombie":45,"stat.drop.minecraft.bread":2,"stat.mineBlock.minecraft.gold_ore":35,"stat.diveOneCm":37786,"stat.pickup.minecraft.wheat":35,"stat.mineBlock.minecraft.mossy_cobblestone":35,"stat.craftItem.minecraft.piston":3,"stat.craftItem.minecraft.ladder":123,"stat.pickup.minecraft.sign":1,"stat.pickup.minecraft.gravel":70,"stat.pickup.minecraft.stone_axe":7,"stat.useItem.minecraft.apple":2,"stat.mineBlock.minecraft.deadbush":13,"stat.useItem.minecraft.rotten_flesh":27,"stat.drop.minecraft.apple":1,"stat.jump":4208,"stat.killEntity.SkeletonHorse":2,"stat.pickup.minecraft.coal":397,"stat.pickup.minecraft.iron_helmet":6,"stat.pickup.minecraft.iron_ingot":17,"stat.useItem.minecraft.dark_oak_boat":1,"stat.craftItem.minecraft.lever":1,"stat.useItem.minecraft.stone_axe":146,"stat.useItem.minecraft.piston":4,"stat.pickup.minecraft.gunpowder":38,"stat.pickup.minecraft.spider_eye":14,"stat.craftItem.minecraft.torch":216,"stat.pickup.minecraft.dirt":2985,"stat.killEntity.bandit1":50,"stat.mineBlock.mw.leadore":4,"stat.pickup.minecraft.iron_ore":221,"stat.pickup.minecraft.stone_shovel":5,"stat.boatOneCm":1091297,"stat.pickup.minecraft.gold_ore":32,"stat.mineBlock.minecraft.lapis_ore":33,"stat.pickup.mw.marine_boots":1,"stat.mineBlock.minecraft.leaves2":46,"stat.mineBlock.minecraft.stone_stairs":25,"stat.damageTaken":9409,"stat.mineBlock.minecraft.torch":44,"stat.useItem.minecraft.wooden_pickaxe":12,"stat.pickup.minecraft.log2":82,"stat.killEntity.CaveSpider":4,"stat.pickup.minecraft.bed":33,"stat.pickup.minecraft.oak_stairs":6,"stat.damageDealt":15289,"stat.sleepInBed":47,"stat.killEntity.Cow":2,"stat.pickup.minecraft.minecart":1,"stat.killEntity.Pig":4,"stat.craftItem.minecraft.iron_sword":1,"stat.pickup.minecraft.piston":1,"stat.craftItem.minecraft.stone_shovel":9,"stat.walkOneCm":5821531,"stat.animalsBred":4,"stat.useItem.minecraft.chest":2,"stat.drop.minecraft.wheat":2,"stat.pickup.minecraft.stick":315,"stat.useItem.minecraft.lava_bucket":3,"stat.pickup.minecraft.stone":1158,"stat.craftItem.minecraft.iron_chestplate":1,"stat.pickup.mw.makarovpm":26,"stat.useItem.minecraft.redstone_ore":68,"stat.pickup.minecraft.ladder":142,"stat.killEntity.Skeleton":24,"stat.pickup.mw.acr":5,"stat.killEntity.Chicken":1,"stat.drop.minecraft.crafting_table":1,"stat.mineBlock.minecraft.redstone_torch":1,"stat.killEntity.Spider":31,"stat.pickup.minecraft.bread":7,"stat.mobKills":280,"stat.pickup.minecraft.water_bucket":1,"stat.useItem.minecraft.cobblestone_wall":1200,"stat.pickup.minecraft.diamond":15,"stat.mineBlock.minecraft.leaves":2,"stat.mineBlock.minecraft.piston":1,"stat.pickup.minecraft.torch":254,"stat.mineBlock.minecraft.redstone_ore":114,"stat.drop.minecraft.stone_axe":1,"stat.mineBlock.minecraft.stone":4002}